Species,Code,Super Domain,Domain,Subdomain,Group,Kingdom,10,9,8,7,6,5,4,3,2,1,Class,Order,Family,Genus,NumberOfProteins,Database_Source
Danio rerio,drer,Eukaryota,Amorphea,Unikonta,Opisthokonta,Metazoa,Basal2,Basal3,Bilateria,Deuterostomia,Chordata,Olfactores,Vertebrata,Teleost,Teleost,Teleost,Actinopterygii,Cypriniformes,Cyprinidae,Danio,25759,EnsEMBL
Xenopus tropicalis,xtro,Eukaryota,Amorphea,Unikonta,Opisthokonta,Metazoa,Basal2,Basal3,Bilateria,Deuterostomia,Chordata,Olfactores,Vertebrata,Tetrapoda,Tetrapoda,Tetrapoda,Batrachia,Anura,Pipidae,Xenopus,18442,Uniprot
Anolis carolinensis,acar,Eukaryota,Amorphea,Unikonta,Opisthokonta,Metazoa,Basal2,Basal3,Bilateria,Deuterostomia,Chordata,Olfactores,Vertebrata,Tetrapoda,Amniota,Sauropsida,Reptilia,Squamata,Polychrotidae,Anolis,18596,Uniprot
Gallus gallus,ggal,Eukaryota,Amorphea,Unikonta,Opisthokonta,Metazoa,Basal2,Basal3,Bilateria,Deuterostomia,Chordata,Olfactores,Vertebrata,Tetrapoda,Amniota,Sauropsida,Tetrapoda,Galliformes ,Phasianidae,Gallus,15508,Uniprot
Homo sapiens,hsap,Eukaryota,Amorphea,Unikonta,Opisthokonta,Metazoa,Basal2,Basal3,Bilateria,Deuterostomia,Chordata,Olfactores,Vertebrata,Tetrapoda,Amniota,Mammalia,Mammalia,Primates,Hominidae,Homo,23625,EnsEMBL
Oikopleura dioica,odio,Eukaryota,Amorphea,Unikonta,Opisthokonta,Metazoa,Basal2,Basal3,Bilateria,Deuterostomia,Chordata,Olfactores,Urochordata,Urochordata,Urochordata,Urochordata,Appendicularia,Copelata,Oikopleuridae,Oikopleura,29089,Uniprot
Ciona intestinalis,cint,Eukaryota,Amorphea,Unikonta,Opisthokonta,Metazoa,Basal2,Basal3,Bilateria,Deuterostomia,Chordata,Olfactores,Urochordata,Urochordata,Urochordata,Urochordata,Ascidiacea,Enterogona,Cionidae,Ciona,16671,EnsEMBL
Botryllus schlosseri,bsch,Eukaryota,Amorphea,Unikonta,Opisthokonta,Metazoa,Basal2,Basal3,Bilateria,Deuterostomia,Chordata,Olfactores,Urochordata,Urochordata,Urochordata,Urochordata,Ascidiacea,Pleurogona,Styelidae,Botryllus,30910,http://botryllus.stanford.edu/botryllusgenome/download/
Branchiostoma floridae,bflo,Eukaryota,Amorphea,Unikonta,Opisthokonta,Metazoa,Basal2,Basal3,Bilateria,Deuterostomia,Chordata,Cephalochordata,Cephalochordata,Cephalochordata,Cephalochordata,Cephalochordata,Cephalochordata ,Amphioxiformes,Branchiostomidae,Branchiostoma,29281,Uniprot
Branchiostoma belcheri,bbel,Eukaryota,Amorphea,Unikonta,Opisthokonta,Metazoa,Basal2,Basal3,Bilateria,Deuterostomia,Chordata,Cephalochordata,Cephalochordata,Cephalochordata,Cephalochordata,Cephalochordata,Cephalochordata ,Amphioxiformes,Branchiostomidae,Branchiostoma,37646,http://genome.bucm.edu.cn/lancelet/download_data.php
Patiria miniata,pmin,Eukaryota,Amorphea,Unikonta,Opisthokonta,Metazoa,Basal2,Basal3,Bilateria,Deuterostomia,Ambulacraria,Echinodermata,Asteroidea,Asteroidea,Asteroidea,Asteroidea,Valvatida,Asterinidae,Asterinidae,Patiria,29805,http://www.echinobase.org/Echinobase/
Strongylocentrotus purpuratus,spur,Eukaryota,Amorphea,Unikonta,Opisthokonta,Metazoa,Basal2,Basal3,Bilateria,Deuterostomia,Ambulacraria,Echinodermata,Echinoidea,Echinoidea,Echinoidea,Echinoidea,Camarodonta,Odontophora,Strongylocentrotidae,Strongylocentrotus,29713,Uniprot
Lytechinus variegatus,lvar,Eukaryota,Amorphea,Unikonta,Opisthokonta,Metazoa,Basal2,Basal3,Bilateria,Deuterostomia,Ambulacraria,Echinodermata,Echinoidea,Echinoidea,Echinoidea,Echinoidea,Camarodonta,Odontophora,Toxopneustidae,Lytechinus,36072,http://www.echinobase.org/Echinobase/
Saccoglossus kowalevskii,skow,Eukaryota,Amorphea,Unikonta,Opisthokonta,Metazoa,Basal2,Basal3,Bilateria,Deuterostomia,Ambulacraria,Hemichordata,Enteropneusta,Enteropneusta,Enteropneusta,Enteropneusta,Enteropneusta ,Enteropneusta ,Harrimaniidae,Saccoglossus,34239,ftp://ftp.ncbi.nlm.nih.gov/genomes/all/GCF_000003605.2_Skow_1.1
Ptychodera flava,pfla,Eukaryota,Amorphea,Unikonta,Opisthokonta,Metazoa,Basal2,Basal3,Bilateria,Deuterostomia,Ambulacraria,Hemichordata,Enteropneusta,Enteropneusta,Enteropneusta,Enteropneusta,Enteropneusta,Ptychoderidae,Ptychoderidae,Ptychodera,34647,https://groups.oist.jp/molgenu/hemichordate-genomes
Hypsibius dujardini,hduj,Eukaryota,Amorphea,Unikonta,Opisthokonta,Metazoa,Basal2,Basal3,Bilateria,Protostomia,Ecdysozoa,Panarthropoda,Tardigrada,Tardigrada,Tardigrada,Tardigrada,Eutardigrada,Hypsibiidae,Hypsibiidae,Hypsibius,31786,http://badger.bio.ed.ac.uk/H_dujardini/home/download large version
Ramazzottius varieornatus,rvar,Eukaryota,Amorphea,Unikonta,Opisthokonta,Metazoa,Basal2,Basal3,Bilateria,Protostomia,Ecdysozoa,Panarthropoda,Tardigrada,Tardigrada,Tardigrada,Tardigrada,Eutardigrada,Hypsibiidae,Hypsibiidae,Ramozzottius,22994,http://www.ddbj.nig.ac.jp/whatsnew/wn160915-e.html
Stegodyphus mimosarum,smim,Eukaryota,Amorphea,Unikonta,Opisthokonta,Metazoa,Basal2,Basal3,Bilateria,Protostomia,Ecdysozoa,Panarthropoda,Arthropoda,Chelicerata,Arachnida,Arachnida,Arachnida,Araneae,Eresidae,Stegodyphus ,27030,Uniprot
Acanthoscurria geniculata,agen,Eukaryota,Amorphea,Unikonta,Opisthokonta,Metazoa,Basal2,Basal3,Bilateria,Protostomia,Ecdysozoa,Panarthropoda,Arthropoda,Chelicerata,Arachnida,Arachnida,Arachnida,Araneae,Theraphosidae,Acanthoscurria,50107,http://www.nature.com/ncomms/2014/140506/ncomms4765/full/ncomms4765.html#supplementary-information
Ixodes scapularis,isca,Eukaryota,Amorphea,Unikonta,Opisthokonta,Metazoa,Basal2,Basal3,Bilateria,Protostomia,Ecdysozoa,Panarthropoda,Arthropoda,Chelicerata,Arachnida,Arachnida,Arachnida,Ixodida,Ixodidae,Ixodes,23194,Uniprot
Mesobuthus martensii,mmar,Eukaryota,Amorphea,Unikonta,Opisthokonta,Metazoa,Basal2,Basal3,Bilateria,Protostomia,Ecdysozoa,Panarthropoda,Arthropoda,Chelicerata,Arachnida,Arachnida,Arachnida,Scorpiones,Buthidae,Mesobuthus,32016,http://lifecenter.sgst.cn/main/en/scorpion.jsp
Limulus polyphemus,lpol,Eukaryota,Amorphea,Unikonta,Opisthokonta,Metazoa,Basal2,Basal3,Bilateria,Protostomia,Ecdysozoa,Panarthropoda,Arthropoda,Chelicerata,Merostomata,Merostomata,Merostomata,Xiphosura,Limulidae,Limulus,23330,http://ryanlab.whitney.ufl.edu/genomes/Lpol/
Daphnia pulex,dpul,Eukaryota,Amorphea,Unikonta,Opisthokonta,Metazoa,Basal2,Basal3,Bilateria,Protostomia,Ecdysozoa,Panarthropoda,Arthropoda,Mandibulata,Mandib1,Crustacea,Branchiopoda,Diplostraca,Daphniidae,Daphnia,31490,Uniprot
Parhyale hawaiensis,phaw,Eukaryota,Amorphea,Unikonta,Opisthokonta,Metazoa,Basal2,Basal3,Bilateria,Protostomia,Ecdysozoa,Panarthropoda,Arthropoda,Mandibulata,Mandib1,Crustacea,Malacostraca,Amphipoda,Hyalidae,Parhyale,28666,https://s3-eu-west-1.amazonaws.com/phaw/phaw.3.0.genes.prot.fa
Tribolium castaneum,tcas,Eukaryota,Amorphea,Unikonta,Opisthokonta,Metazoa,Basal2,Basal3,Bilateria,Protostomia,Ecdysozoa,Panarthropoda,Arthropoda,Mandibulata,Mandib1,Hexapoda,Insecta,Coleoptera,Tenebrionidae,Tribolium,19789,Uniprot
Drosophila melanogaster,dmel,Eukaryota,Amorphea,Unikonta,Opisthokonta,Metazoa,Basal2,Basal3,Bilateria,Protostomia,Ecdysozoa,Panarthropoda,Arthropoda,Mandibulata,Mandib1,Hexapoda,Insecta,Diptera,Drosophilidae,Drosophila,13918,EnsEMBL
Zootermopsis nevadensis,znev,Eukaryota,Amorphea,Unikonta,Opisthokonta,Metazoa,Basal2,Basal3,Bilateria,Protostomia,Ecdysozoa,Panarthropoda,Arthropoda,Mandibulata,Mandib1,Hexapoda,Insecta,Isoptera,Termopsidae,Zootermopsis,14596,Uniprot
Strigamia maritima,smar,Eukaryota,Amorphea,Unikonta,Opisthokonta,Metazoa,Basal2,Basal3,Bilateria,Protostomia,Ecdysozoa,Panarthropoda,Arthropoda,Mandibulata,Myriapoda,Myriapoda,Chilopoda,Geophilomorpha,Linotaeniidae,Strigamia,15008,EnsEMBL
Brugia malayi,bmal,Eukaryota,Amorphea,Unikonta,Opisthokonta,Metazoa,Basal2,Basal3,Bilateria,Protostomia,Ecdysozoa,Nematoida,Nematoda,Nematoda,Nematoda,Nematoda,Chromadorea,Onchocercidae,Onchocercidae,Brugia,26915,Uniprot
Caenorhabditis elegans,cele,Eukaryota,Amorphea,Unikonta,Opisthokonta,Metazoa,Basal2,Basal3,Bilateria,Protostomia,Ecdysozoa,Nematoida,Nematoda,Nematoda,Nematoda,Nematoda,Secernentea ,Rhabditidae,Rhabditidae,Caenorhabditis,20362,EnsEMBL
Trichinella spiralis,tspi,Eukaryota,Amorphea,Unikonta,Opisthokonta,Metazoa,Basal2,Basal3,Bilateria,Protostomia,Ecdysozoa,Nematoida,Nematoda,Nematoda,Nematoda,Nematoda,Adenophorea,Trichinellidae,Trichinellidae,Trichinella,33848,Uniprot
Romanomermis culicivorax,rcul,Eukaryota,Amorphea,Unikonta,Opisthokonta,Metazoa,Basal2,Basal3,Bilateria,Protostomia,Ecdysozoa,Nematoida,Nematoda,Nematoda,Nematoda,Nematoda,Enoplea,Mermithidae,Mermithidae,Romanomermis,48376,http://nematodes.org/genomes/romanomermis_culicivorax/
Helobdella robusta,hrob,Eukaryota,Amorphea,Unikonta,Opisthokonta,Metazoa,Basal2,Basal3,Bilateria,Protostomia,Lophotrochozoa,Lopho1,Lopho2,Lopho3,Annelida,Annelida,Clitellata,Rhynchobdellida,Glossiphoniidae,Helobdella,23385,Uniprot
Capitella teleta,ctel,Eukaryota,Amorphea,Unikonta,Opisthokonta,Metazoa,Basal2,Basal3,Bilateria,Protostomia,Lophotrochozoa,Lopho1,Lopho2,Lopho3,Annelida,Annelida,Polychaeta,Capitellida,Capitellidae,Capitella,32103,Uniprot
Lingula anatina,lana,Eukaryota,Amorphea,Unikonta,Opisthokonta,Metazoa,Basal2,Basal3,Bilateria,Protostomia,Lophotrochozoa,Lopho1,Lopho2,Lopho3,Brachiopoda,Brachiopoda,Lingulata,Lingulida,Linguloidae,Lingula,34105,EnsEMBL
Crassostrea gigas,cgig,Eukaryota,Amorphea,Unikonta,Opisthokonta,Metazoa,Basal2,Basal3,Bilateria,Protostomia,Lophotrochozoa,Lopho1,Lopho2,Mollusca,Mollusca,Mollusca,Bivalvia,Ostreoidea,Ostreoidea,Crassostrea,26957,Uniprot
Pinctada fucata,pfuc,Eukaryota,Amorphea,Unikonta,Opisthokonta,Metazoa,Basal2,Basal3,Bilateria,Protostomia,Lophotrochozoa,Lopho1,Lopho2,Mollusca,Mollusca,Mollusca,Bivalvia,Pteriidae,Pteriidae,Pinctada,72597,http://marinegenomics.oist.jp/pearl/viewer/download?project_id=20
Octopus bimaculoides,obim,Eukaryota,Amorphea,Unikonta,Opisthokonta,Metazoa,Basal2,Basal3,Bilateria,Protostomia,Lophotrochozoa,Lopho1,Lopho2,Mollusca,Mollusca,Mollusca,Cephalopoda ,Octopodoidae,Octopodoidae,Octopus,36306,Uniprot
Lottia gigantea,lgig,Eukaryota,Amorphea,Unikonta,Opisthokonta,Metazoa,Basal2,Basal3,Bilateria,Protostomia,Lophotrochozoa,Lopho1,Lopho2,Mollusca,Mollusca,Mollusca,Gastropoda,Lottiidae,Lottiidae,Lottia,23771,Uniprot
Intoshia linei,ilin,Eukaryota,Amorphea,Unikonta,Opisthokonta,Metazoa,Basal2,Basal3,Bilateria,Protostomia,Lophotrochozoa,Lopho1,Orthonectida,Orthonectida,Orthonectida,Orthonectida,Rhopaluridae,Rhopaluridae,Rhopaluridae,Intoshia,8857,http://www.ncbi.nlm.nih.gov/genome/?term=Intoshia+linei%5Borgn%5D
Hymenolepis microstoma,hmic,Eukaryota,Amorphea,Unikonta,Opisthokonta,Metazoa,Basal2,Basal3,Bilateria,Protostomia,Lophotrochozoa,Lopho1,Platyhelminthes,Platyhelminthes,Platyhelminthes,Platyhelminthes,Cestoda,Hymenolepididae,Hymenolepididae,Hymenolepis,12017,Uniprot
Echinococcus multilocularis,emul,Eukaryota,Amorphea,Unikonta,Opisthokonta,Metazoa,Basal2,Basal3,Bilateria,Protostomia,Lophotrochozoa,Lopho1,Platyhelminthes,Platyhelminthes,Platyhelminthes,Platyhelminthes,Cestoda,Taeniidae,Taeniidae,Echinococcus,10811,Uniprot
Gyrodactylus salaris,gsal,Eukaryota,Amorphea,Unikonta,Opisthokonta,Metazoa,Basal2,Basal3,Bilateria,Protostomia,Lophotrochozoa,Lopho1,Platyhelminthes,Platyhelminthes,Platyhelminthes,Platyhelminthes,Monogenea,Gyrodactylidae,Gyrodactylidae,Gyrodactylus,15488,http://invitro.titan.uio.no/gyrodactylus/downloads.html
Schmidtea mediterranea,smed,Eukaryota,Amorphea,Unikonta,Opisthokonta,Metazoa,Basal2,Basal3,Bilateria,Protostomia,Lophotrochozoa,Lopho1,Platyhelminthes,Platyhelminthes,Platyhelminthes,Platyhelminthes,Rhabditophora,Dugesiidae,Dugesiidae,Schmidtea,23657,http://smedgd.stowers.org/downloads/#MAKER_annotations_8211_Protein_FASTA_files
Macrostomum lignano,mlig,Eukaryota,Amorphea,Unikonta,Opisthokonta,Metazoa,Basal2,Basal3,Bilateria,Protostomia,Lophotrochozoa,Lopho1,Platyhelminthes,Platyhelminthes,Platyhelminthes,Platyhelminthes,Rhabditophora,Macrostomidae,Macrostomidae,Macrostomum,60534,http://parasite.wormbase.org/Macrostomum_lignano_prjna284736/Info/Index/
Schistosoma japonicum,sjap,Eukaryota,Amorphea,Unikonta,Opisthokonta,Metazoa,Basal2,Basal3,Bilateria,Protostomia,Lophotrochozoa,Lopho1,Platyhelminthes,Platyhelminthes,Platyhelminthes,Platyhelminthes,Trematoda,Schistosomatidae,Schistosomatidae,Schistosoma ,16524,Uniprot
Adineta vaga,avag,Eukaryota,Amorphea,Unikonta,Opisthokonta,Metazoa,Basal2,Basal3,Bilateria,Protostomia,Lophotrochozoa,Rotifera,Rotifera,Rotifera,Rotifera,Rotifera,Eurotatoria,Adinetidae,Adinetidae,Adenita,49300,http://www.genoscope.cns.fr/adineta/data/
Aiptasia pallida,apal,Eukaryota,Amorphea,Unikonta,Opisthokonta,Metazoa,Basal2,Basal3,Cnidaria,Anthozoa,Anthozoa,Anthozoa,Anthozoa,Anthozoa,Anthozoa,Anthozoa,Anthozoa,Actiniaria,Aiptasiidae,Aiptasia,29269,http://aiptasia.reefgenomics.org/download/
Nematostella vectensis,nvec,Eukaryota,Amorphea,Unikonta,Opisthokonta,Metazoa,Basal2,Basal3,Cnidaria,Anthozoa,Anthozoa,Anthozoa,Anthozoa,Anthozoa,Anthozoa,Anthozoa,Anthozoa,Actiniaria,Edwardsiidae,Nematostella,25059,Uniprot
Acropora digitifera,adig,Eukaryota,Amorphea,Unikonta,Opisthokonta,Metazoa,Basal2,Basal3,Cnidaria,Anthozoa,Anthozoa,Anthozoa,Anthozoa,Anthozoa,Anthozoa,Anthozoa,Anthozoa,Scleractinia,Acroporidae,Acropora,33878,ftp://ftp.ncbi.nlm.nih.gov/genomes/all/GCF_000222465.1_Adig_1.1
Hydra magnipapillata,hmag,Eukaryota,Amorphea,Unikonta,Opisthokonta,Metazoa,Basal2,Basal3,Cnidaria,Hydrozoa,Hydrozoa,Hydrozoa,Hydrozoa,Hydrozoa,Hydrozoa,Hydrozoa,Hydrozoa,Anthomedusae,Hydridae,Hydra,32338,http://compagen.zoologie.uni-kiel.de/datasets.html
Thelohanellus kitauei,tkit,Eukaryota,Amorphea,Unikonta,Opisthokonta,Metazoa,Basal2,Basal3,Cnidaria,Myxozoa,Myxozoa,Myxozoa,Myxozoa,Myxozoa,Myxozoa,Myxozoa,Myxozoa,Bivalvulida,Myxobolidae,Thelohanellus,14792,Uniprot
Pleurobrachia bachei,pbac,Eukaryota,Amorphea,Unikonta,Opisthokonta,Metazoa,Basal2,Ctenophora,Tentaculata,Tentaculata,Tentaculata,Tentaculata,Tentaculata,Tentaculata,Tentaculata,Tentaculata,Tentaculata,Cydippida,Pleurobrachiidae,Pleurobrachia,19524,http://neurobase.rc.ufl.edu/pleurobrachia/download
Mnemiopsis leidyi,mlei,Eukaryota,Amorphea,Unikonta,Opisthokonta,Metazoa,Basal2,Ctenophora,Tentaculata,Tentaculata,Tentaculata,Tentaculata,Tentaculata,Tentaculata,Tentaculata,Tentaculata,Tentaculata,Lobata,Bolinopsidae,Mnemiopsis,16058,http://compagen.zoologie.uni-kiel.de/datasets.html
Trichoplax adhaerens,tadh,Eukaryota,Amorphea,Unikonta,Opisthokonta,Metazoa,Basal2,Placozoa,Trichoplacidae,Trichoplacidae,Trichoplacidae,Trichoplacidae,Trichoplacidae,Trichoplacidae,Trichoplacidae,Trichoplacidae,Trichoplacidae,Trichoplacidae,Trichoplacidae,Trichoplax,11598,Uniprot
Leucosolenia complicata,lcom,Eukaryota,Amorphea,Unikonta,Opisthokonta,Metazoa,Porifera,Calcarea,Calcarea,Calcarea,Calcarea,Calcarea,Calcarea,Calcarea,Calcarea,Calcarea,Leucosoleniidae,Leucosoleniidae,Leucosoleniidae,Leucosolenia,92106,http://datadryad.org/resource/doi:10.5061/dryad.tn0f3/4?show=full
Sycon ciliatum,scil,Eukaryota,Amorphea,Unikonta,Opisthokonta,Metazoa,Porifera,Calcarea,Calcarea,Calcarea,Calcarea,Calcarea,Calcarea,Calcarea,Calcarea,Calcarea,Sycettidae,Sycettidae,Sycettidae,Sycon,50731,http://datadryad.org/resource/doi:10.5061/dryad.tn0f3/3
Amphimedon queenslandica,aque,Eukaryota,Amorphea,Unikonta,Opisthokonta,Metazoa,Porifera,Demospongiae,Demospongiae,Demospongiae,Demospongiae,Demospongiae,Demospongiae,Demospongiae,Demospongiae,Demospongiae,Demospongiae,Niphatidae,Niphatidae,Amphimedon,29833,http://amphimedon.qcloud.qcif.edu.au/downloads.html v2.1
Oscarella carmela,ocar,Eukaryota,Amorphea,Unikonta,Opisthokonta,Metazoa,Porifera,Homoscleromorpha,Homoscleromorpha,Homoscleromorpha,Homoscleromorpha,Homoscleromorpha,Homoscleromorpha,Homoscleromorpha,Homoscleromorpha,Homoscleromorpha,Homoscleromorpha,Plakinidae,Plakinidae,Oscarella,29220,http://compagen.zoologie.uni-kiel.de/datasets.html
Monosiga brevicollis,mbre,Eukaryota,Amorphea,Unikonta,Opisthokonta,Choanoflagellata,Choanoflagellata,Choanoflagellata,Choanoflagellata,Choanoflagellata,Choanoflagellata,Choanoflagellata,Choanoflagellata,Choanoflagellata,Choanoflagellata,Choanoflagellata,Choanoflagellatea,Codonosigaceae,Codonosigaceae,Monosiga,9279,Uniprot
Salpingoeca rosetta,sros,Eukaryota,Amorphea,Unikonta,Opisthokonta,Choanoflagellata,Choanoflagellata,Choanoflagellata,Choanoflagellata,Choanoflagellata,Choanoflagellata,Choanoflagellata,Choanoflagellata,Choanoflagellata,Choanoflagellata,Choanoflagellata,Choanoflagellatea,Salpingoecidae,Salpingoecidae,Salpingoeca,11703,Uniprot
Capsaspora owczarzaki,cowc,Eukaryota,Amorphea,Unikonta,Opisthokonta,Filasterea,Filasterea,Filasterea,Filasterea,Filasterea,Filasterea,Filasterea,Filasterea,Filasterea,Filasterea,Filasterea,Capsasporidae,Capsasporidae,Capsasporidae,Capsaspora,9926,Uniprot
Corallochytrium limacisporum,clim,Eukaryota,Amorphea,Unikonta,Opisthokonta,Teretosporea,Teretosporea,Teretosporea,Teretosporea,Teretosporea,Teretosporea,Teretosporea,Teretosporea,Teretosporea,Teretosporea,Teretosporea,Corallochytricae,Corallochytricae,Corallochytricae,Corallochytrium,7334,Email Direct
Creolimax fragrantissima,cfra,Eukaryota,Amorphea,Unikonta,Opisthokonta,Teretosporea,Teretosporea,Teretosporea,Teretosporea,Teretosporea,Teretosporea,Teretosporea,Teretosporea,Teretosporea,Teretosporea,Teretosporea,Ichthyosporea,Creolimacidae,Creolimacidae,Creolimax,8694,https://figshare.com/articles/Creolimax_fragrantissima_genome_data/1403592
Abeoforma whisleri,awhi,Eukaryota,Amorphea,Unikonta,Opisthokonta,Teretosporea,Teretosporea,Teretosporea,Teretosporea,Teretosporea,Teretosporea,Teretosporea,Teretosporea,Teretosporea,Teretosporea,Teretosporea,Abeoformicae,Abeoformicae,Abeoformicae,Abeoforma,17854,Email Direct
Sphaeroforma arctica,sarc,Eukaryota,Amorphea,Unikonta,Opisthokonta,Teretosporea,Teretosporea,Teretosporea,Teretosporea,Teretosporea,Teretosporea,Teretosporea,Teretosporea,Teretosporea,Teretosporea,Teretosporea,Ichthyophonida,Ichthyophonida,Ichthyophonida,Sphaeroforma,18657,Uniprot
Ichthyophonus nk52,Nk52,Eukaryota,Amorphea,Unikonta,Opisthokonta,Teretosporea,Teretosporea,Teretosporea,Teretosporea,Teretosporea,Teretosporea,Teretosporea,Teretosporea,Teretosporea,Teretosporea,Teretosporea,Ichthyophonae,Ichthyophonae,Ichthyophonae,Ichthyophonus,12463,Email Direct
Polysphondylium pallidum,ppal,Eukaryota,Amorphea,Unikonta,Amoebozoa,Amoebozoa,Amoebozoa,Amoebozoa,Amoebozoa,Amoebozoa,Amoebozoa,Amoebozoa,Amoebozoa,Amoebozoa,Amoebozoa,Amoebozoa,Dictyostelia,Dictyosteliidae,Dictyosteliidae,Polysphondylium,12451,Uniprot
Dictyostelium discoideum,ddis,Eukaryota,Amorphea,Unikonta,Amoebozoa,Amoebozoa,Amoebozoa,Amoebozoa,Amoebozoa,Amoebozoa,Amoebozoa,Amoebozoa,Amoebozoa,Amoebozoa,Amoebozoa,Amoebozoa,Dictyostelia,Dictyosteliidae,Dictyosteliidae,Dictyostelium,25479,Uniprot
Acanthamoeba castellanii,acas,Eukaryota,Amorphea,Unikonta,Amoebozoa,Amoebozoa,Amoebozoa,Amoebozoa,Amoebozoa,Amoebozoa,Amoebozoa,Amoebozoa,Amoebozoa,Amoebozoa,Amoebozoa,Amoebozoa,Acanthamoebidae,Acanthamoebidae,Acanthamoebidae,Acanthamoeba,16194,Uniprot
Entamoeba histolytica,ehis,Eukaryota,Amorphea,Unikonta,Amoebozoa,Amoebozoa,Amoebozoa,Amoebozoa,Amoebozoa,Amoebozoa,Amoebozoa,Amoebozoa,Amoebozoa,Amoebozoa,Amoebozoa,Amoebozoa,Entamoebidae,Entamoebidae,Entamoebidae,Entamoeba,38279,Uniprot
Fonticula alba,falb,Eukaryota,Amorphea,Unikonta,Opisthokonta,Holomycota/Nucletmycea,Holomycota/Nucletmycea,Holomycota/Nucletmycea,Holomycota/Nucletmycea,Holomycota/Nucletmycea,Holomycota/Nucletmycea,Holomycota/Nucletmycea,Holomycota/Nucletmycea,Holomycota/Nucletmycea,Holomycota/Nucletmycea,Holomycota/Nucletmycea,Fonticulida,Fonticulida,Fonticulida,Fonticula,6248,Uniprot
Saccharomyces cerevisiae,scer,Eukaryota,Amorphea,Unikonta,Opisthokonta,Holomycota/Nucletmycea,Holomycota/Nucletmycea,Holomycota/Nucletmycea,Holomycota/Nucletmycea,Holomycota/Nucletmycea,Holomycota/Nucletmycea,Holomycota/Nucletmycea,Holomycota/Nucletmycea,Holomycota/Nucletmycea,Holomycota/Nucletmycea,Holomycota/Nucletmycea,Saccharomycotina,Saccharomycetales,Saccharomycetaceae,Saccharomyces,6692,EnsEMBL
Tuber melanosporum,tmel,Eukaryota,Amorphea,Unikonta,Opisthokonta,Holomycota/Nucletmycea,Holomycota/Nucletmycea,Holomycota/Nucletmycea,Holomycota/Nucletmycea,Holomycota/Nucletmycea,Holomycota/Nucletmycea,Holomycota/Nucletmycea,Holomycota/Nucletmycea,Holomycota/Nucletmycea,Holomycota/Nucletmycea,Holomycota/Nucletmycea,Lobosa,Entamoebidae,Entamoebidae,Entamoeba,12826,http://mycor.nancy.inra.fr/IMGC/TuberGenome/download.php?select=fast
Allomyces macrogynus,amac,Eukaryota,Amorphea,Unikonta,Opisthokonta,Holomycota/Nucletmycea,Holomycota/Nucletmycea,Holomycota/Nucletmycea,Holomycota/Nucletmycea,Holomycota/Nucletmycea,Holomycota/Nucletmycea,Holomycota/Nucletmycea,Holomycota/Nucletmycea,Holomycota/Nucletmycea,Holomycota/Nucletmycea,Holomycota/Nucletmycea,Blastocladiomycetes,Blastocladiales,Blastocladiaceae,Allomyces,19122,Uniprot
Spizellomyces punctatus,spun,Eukaryota,Amorphea,Unikonta,Opisthokonta,Holomycota/Nucletmycea,Holomycota/Nucletmycea,Holomycota/Nucletmycea,Holomycota/Nucletmycea,Holomycota/Nucletmycea,Holomycota/Nucletmycea,Holomycota/Nucletmycea,Holomycota/Nucletmycea,Holomycota/Nucletmycea,Holomycota/Nucletmycea,Holomycota/Nucletmycea,Chytridiomycetes,Spizellomycetales,Spizellomycetaceae,Spizellomyces,9308,Uniprot
Thecamonas trahens,ttra,Eukaryota,Amorphea,Apusozoa,Apusozoa,Apusozoa,Apusozoa,Apusozoa,Apusozoa,Apusozoa,Apusozoa,Apusozoa,Apusozoa,Apusozoa,Apusozoa,Apusozoa,Thecomonadea,Thecomonadea,Apusomonadidae,Amastigomonas,10640,Uniprot
Chondrus crispus,ccri,Eukaryota,Bikonta,Archaeplastida,Plantae,Viridiplantae,Viridiplantae,Viridiplantae,Viridiplantae,Viridiplantae,Viridiplantae,Viridiplantae,Viridiplantae,Viridiplantae,Viridiplantae,Viridiplantae,Gigartinaceae,Gigartinaceae,Gigartinaceae,Chondrus,9807,ftp://ftp.ncbi.nlm.nih.gov/genomes/all/GCF_000350225.1_ASM35022v2
Chlamydomonas reinhardtii,crei,Eukaryota,Bikonta,Archaeplastida,Plantae,Chloroplastida,Chloroplastida,Chloroplastida,Chloroplastida,Chloroplastida,Chloroplastida,Chloroplastida,Chloroplastida,Chloroplastida,Chloroplastida,Chloroplastida,Chlorophycae,Chlamydomonadales,Chlamydomonadaceae,Chlamydomonas,15188,Uniprot
Klebsormidium flaccidum,kfla,Eukaryota,Bikonta,Archaeplastida,Plantae,Viridiplantae,Viridiplantae,Viridiplantae,Viridiplantae,Viridiplantae,Viridiplantae,Viridiplantae,Viridiplantae,Viridiplantae,Viridiplantae,Viridiplantae,Klebsormidiales,Klebsormidiales,Klebsormidiaceae,Klebsormidium,17207,http://www.plantmorphogenesis.bio.titech.ac.jp/~algae_genome_project/klebsormidium/kf_download/160614_klebsormidium_v1.1_AA.fasta
Cyanophora paradoxa,cpar,Eukaryota,Bikonta,Archaeplastida,Plantae,Viridiplantae,Viridiplantae,Viridiplantae,Viridiplantae,Viridiplantae,Viridiplantae,Viridiplantae,Viridiplantae,Viridiplantae,Viridiplantae,Viridiplantae,Glaucocystaceae,Glaucocystaceae,Glaucocystaceae,Cyanophora,17406,http://cyanophora.rutgers.edu/cyanophora/Cyanophora_paradoxa_MAKER_gene_predictions-022111-aa.fasta
Volvox carteri,vcar,Eukaryota,Bikonta,Archaeplastida,Plantae,Viridiplantae,Viridiplantae,Viridiplantae,Viridiplantae,Viridiplantae,Viridiplantae,Viridiplantae,Viridiplantae,Viridiplantae,Viridiplantae,Viridiplantae,Volvocaceae,Volvocaceae,Volvocaceae,Volvox,14798,Uniprot
Ostreococcus tauri,otau,Eukaryota,Bikonta,Archaeplastida,Plantae,Viridiplantae,Viridiplantae,Viridiplantae,Viridiplantae,Viridiplantae,Viridiplantae,Viridiplantae,Viridiplantae,Viridiplantae,Viridiplantae,Viridiplantae,Bathycoccaceae,Bathycoccaceae,Bathycoccaceae,Ostreococcus,9068,Uniprot
Physcomitrella patens,ppat,Eukaryota,Bikonta,Archaeplastida,Plantae,Viridiplantae,Viridiplantae,Viridiplantae,Viridiplantae,Viridiplantae,Viridiplantae,Viridiplantae,Viridiplantae,Viridiplantae,Viridiplantae,Viridiplantae,Bryopsida,Funariales,Funariaceae,Physcomitrella,35511,Uniprot
Selaginella moellendorffii,smoe,Eukaryota,Bikonta,Archaeplastida,Plantae,Viridiplantae,Viridiplantae,Viridiplantae,Viridiplantae,Viridiplantae,Viridiplantae,Viridiplantae,Viridiplantae,Viridiplantae,Viridiplantae,Viridiplantae,Isoetopsida,Selaginellales,Selaginellaceae,Selaginella,33308,Uniprot
Arabidopsis thaliana,atha,Eukaryota,Bikonta,Archaeplastida,Plantae,Viridiplantae,Viridiplantae,Viridiplantae,Viridiplantae,Viridiplantae,Viridiplantae,Viridiplantae,Viridiplantae,Viridiplantae,Viridiplantae,Viridiplantae,Magnoliopsida,Brassicales,Brassicaceae,Arabidopsis,51889,Uniprot
Giardia lamblia,glam,Eukaryota,Bikonta,Excavata,Diplomonadida,Diplomonadida,Diplomonadida,Diplomonadida,Diplomonadida,Diplomonadida,Diplomonadida,Diplomonadida,Diplomonadida,Diplomonadida,Diplomonadida,Diplomonadida,Diplomonadida,Giardiinae,Giardiinae,Giardia,30853,Uniprot
Trypanosoma cruzi,tcru,Eukaryota,Bikonta,Excavata,Kinetoplastida,Kinetoplastida,Kinetoplastida,Kinetoplastida,Kinetoplastida,Kinetoplastida,Kinetoplastida,Kinetoplastida,Kinetoplastida,Kinetoplastida,Kinetoplastida,Kinetoplastida,Kinetoplastida,Trypanosomatidae,Trypanosomatidae,Trypanosoma,11348,http://tritrypdb.org/common/downloads/Current_Release/TcruziDm28c/fasta/data/
Naegleria gruberi,ngru,Eukaryota,Bikonta,Excavata,Amoebida,Amoebida,Amoebida,Amoebida,Amoebida,Amoebida,Amoebida,Amoebida,Amoebida,Amoebida,Amoebida,Amoebida,Amoebida,Vahlkampfidae,Vahlkampfidae,Naegleria,15753,http://genome.jgi.doe.gov/Naegr1/Naegr1.download.ftp.html
Trichomonas vaginalis,tvag,Eukaryota,Bikonta,Excavata,Trichomonadida,Trichomonadida,Trichomonadida,Trichomonadida,Trichomonadida,Trichomonadida,Trichomonadida,Trichomonadida,Trichomonadida,Trichomonadida,Trichomonadida,Trichomonadida,Trichomonadida,Trichomonadidae,Trichomonadidae,Trichomonas,50825,Uniprot
Guillardia theta,gthe,Eukaryota,Bikonta,SAR,Chromoalveolata,Cryptopyhta,Cryptopyhta,Cryptopyhta,Cryptopyhta,Cryptopyhta,Cryptopyhta,Cryptopyhta,Cryptopyhta,Cryptopyhta,Cryptopyhta,Cryptopyhta,Pyrenomonadales,Pyrenomonadales,Geminigeraceae,Guillardia,24840,http://genome.jgi.doe.gov/Guith1/Guith1.download.html
Emiliana huxleyii,ehux,Eukaryota,Bikonta,SAR,Chromoalveolata,Haptophyta,Haptophyta,Haptophyta,Haptophyta,Haptophyta,Haptophyta,Haptophyta,Haptophyta,Haptophyta,Haptophyta,Haptophyta,Noelaerhabdaceae,Noelaerhabdaceae,Noelaerhabdaceae,Emiliania,38554,EnsEMBL
Toxoplasma gondii,tgon,Eukaryota,Bikonta,SAR,Chromoalveolata,Alveolata,Alveolata,Alveolata,Alveolata,Alveolata,Alveolata,Alveolata,Alveolata,Alveolata,Alveolata,Alveolata,Conoidasida,Sarcocystidae,Sarcocystidae,Toxoplasma,7988,EnsEMBL
Paramecium tetraurelia,ptet,Eukaryota,Bikonta,SAR,Chromoalveolata,Alveolata,Alveolata,Alveolata,Alveolata,Alveolata,Alveolata,Alveolata,Alveolata,Alveolata,Alveolata,Alveolata,Peniculida,Parameciidae,Parameciidae,Paramecium,39940,Uniprot
Symbiodinium minutum,smin,Eukaryota,Bikonta,SAR,Chromoalveolata,Alveolata,Alveolata,Alveolata,Alveolata,Alveolata,Alveolata,Alveolata,Alveolata,Alveolata,Alveolata,Alveolata,Suessiales,Suessiales,Symbiodiniaceae,Symbiodinium,47014,http://marinegenomics.oist.jp/symb/viewer/download?project_id=21
Perkinsus marinus,pmar,Eukaryota,Bikonta,SAR,Chromoalveolata,Alveolata,Alveolata,Alveolata,Alveolata,Alveolata,Alveolata,Alveolata,Alveolata,Alveolata,Alveolata,Alveolata,Perkinsida,Perkinsidae,Perkinsidae,Perkinsus,23654,EnsEMBL
Bigelowiella natans,bnat,Eukaryota,Bikonta,SAR,Rhizaria,Cercomonads,Cercomonads,Cercomonads,Cercomonads,Cercomonads,Cercomonads,Cercomonads,Cercomonads,Cercomonads,Cercomonads,Cercomonads,Chlorarachniales,Chlorarachniales,Chlorarachniophyceae,Bigelowiella,21706,EnsEMBL
Reticulomyxa filosa,rfil,Eukaryota,Bikonta,SAR,Rhizaria,Retaria,Retaria,Retaria,Retaria,Retaria,Retaria,Retaria,Retaria,Retaria,Retaria,Retaria,Reticulomyxidae,Reticulomyxidae,Reticulomyxidae,Reticulomyxa,39924,Uniprot
Phaeodactylum tricornutum,ptri,Eukaryota,Bikonta,SAR,Stramenopiles,Bacillariophyta,Bacillariophyta,Bacillariophyta,Bacillariophyta,Bacillariophyta,Bacillariophyta,Bacillariophyta,Bacillariophyta,Bacillariophyta,Bacillariophyta,Bacillariophyta,Phaeodactylales,Phaeodactylales,Phaeodactylaceae,Phaeodactylum,10835,Uniprot
Thalassiosira pseudonana,tpse,Eukaryota,Bikonta,SAR,Stramenopiles,Heterokontophyta,Heterokontophyta,Heterokontophyta,Heterokontophyta,Heterokontophyta,Heterokontophyta,Heterokontophyta,Heterokontophyta,Heterokontophyta,Heterokontophyta,Heterokontophyta,Thalassiosirales,Thalassiosirales,Thalassiosiraceae,Thalassiosira,33848,Uniprot
Aplanochytrium kerguelense,aker,Eukaryota,Bikonta,SAR,Stramenopiles,Labyrinthulomycota,Labyrinthulomycota,Labyrinthulomycota,Labyrinthulomycota,Labyrinthulomycota,Labyrinthulomycota,Labyrinthulomycota,Labyrinthulomycota,Labyrinthulomycota,Labyrinthulomycota,Labyrinthulomycota,Thraustochytriales,Thraustochytriales,Thraustochytriaceae,Aplanochytrium,11892,http://genome.jgi.doe.gov/pages/dynamicOrganismDownload.jsf?organism=Aplke1
Phytophthora infestans,pinf,Eukaryota,Bikonta,SAR,Stramenopiles,Oomycota,Oomycota,Oomycota,Oomycota,Oomycota,Oomycota,Oomycota,Oomycota,Oomycota,Oomycota,Oomycota,Peronosporales,Peronosporales,Peronosporaceae,Phytophthora,18757,Uniprot
